"Species","Period","EEZ","Model","Variable","RCP","Value","Totals"
"Gadus morhua","Begining","Canada","Average","Future_Cost","High",2413815.73264793,NA
"Gadus morhua","Begining","Canada","Average","Future_Landings","High",1422.45562240822,NA
"Gadus morhua","Begining","Canada","Average","Future_Revenue","High",2799534.91046162,NA
"Gadus morhua","Begining","Canada","Average","Profit","High",385719.177813689,NA
"Gadus morhua","Begining","USA","Average","Future_Cost","High",589820.834721124,NA
"Gadus morhua","Begining","USA","Average","Future_Landings","High",294.464341432292,NA
"Gadus morhua","Begining","USA","Average","Future_Revenue","High",946717.580921892,NA
"Gadus morhua","Begining","USA","Average","Profit","High",356896.746200768,NA
"Gadus morhua","End Century","Canada","Average","Future_Cost","High",1797377.97959921,NA
"Gadus morhua","End Century","Canada","Average","Future_Landings","High",1059.19038396065,NA
"Gadus morhua","End Century","Canada","Average","Future_Revenue","High",2084592.59467296,NA
"Gadus morhua","End Century","Canada","Average","Profit","High",287214.61507375,NA
"Gadus morhua","End Century","USA","Average","Future_Cost","High",81697.2981892003,NA
"Gadus morhua","End Century","USA","Average","Future_Landings","High",40.7868621993575,NA
"Gadus morhua","End Century","USA","Average","Future_Revenue","High",131131.801314044,NA
"Gadus morhua","End Century","USA","Average","Profit","High",49434.503124844,NA
"Gadus morhua","Mid Century","Canada","Average","Future_Cost","High",2230423.87984638,NA
"Gadus morhua","Mid Century","Canada","Average","Future_Landings","High",1314.38325855994,NA
"Gadus morhua","Mid Century","Canada","Average","Future_Revenue","High",2586837.69117182,NA
"Gadus morhua","Mid Century","Canada","Average","Profit","High",356413.811325443,NA
"Gadus morhua","Mid Century","USA","Average","Future_Cost","High",292276.503193654,NA
"Gadus morhua","Mid Century","USA","Average","Future_Landings","High",145.917205637107,NA
"Gadus morhua","Mid Century","USA","Average","Future_Revenue","High",469131.111983582,NA
"Gadus morhua","Mid Century","USA","Average","Profit","High",176854.608789928,NA
"Gadus morhua","Begining",NA,"Average","Future_Cost","High",NA,3003636.56736906
"Gadus morhua","Begining",NA,"Average","Future_Landings","High",NA,1716.91996384051
"Gadus morhua","Begining",NA,"Average","Future_Revenue","High",NA,3746252.49138351
"Gadus morhua","Begining",NA,"Average","Profit","High",NA,742615.924014457
"Gadus morhua","End Century",NA,"Average","Future_Cost","High",NA,1879075.27778841
"Gadus morhua","End Century",NA,"Average","Future_Landings","High",NA,1099.97724616001
"Gadus morhua","End Century",NA,"Average","Future_Revenue","High",NA,2215724.39598701
"Gadus morhua","End Century",NA,"Average","Profit","High",NA,336649.118198594
"Gadus morhua","Mid Century",NA,"Average","Future_Cost","High",NA,2522700.38304004
"Gadus morhua","Mid Century",NA,"Average","Future_Landings","High",NA,1460.30046419705
"Gadus morhua","Mid Century",NA,"Average","Future_Revenue","High",NA,3055968.80315541
"Gadus morhua","Mid Century",NA,"Average","Profit","High",NA,533268.420115371
"Gadus morhua","Begining","Canada","Average","Future_Cost","Low",2413815.73264793,NA
"Gadus morhua","Begining","Canada","Average","Future_Landings","Low",1422.45562240822,NA
"Gadus morhua","Begining","Canada","Average","Future_Revenue","Low",2799534.91046162,NA
"Gadus morhua","Begining","Canada","Average","Profit","Low",385719.177813689,NA
"Gadus morhua","Begining","USA","Average","Future_Cost","Low",589820.834721124,NA
"Gadus morhua","Begining","USA","Average","Future_Landings","Low",294.464341432292,NA
"Gadus morhua","Begining","USA","Average","Future_Revenue","Low",946717.580921892,NA
"Gadus morhua","Begining","USA","Average","Profit","Low",356896.746200768,NA
"Gadus morhua","End Century","Canada","Average","Future_Cost","Low",2274060.0318539,NA
"Gadus morhua","End Century","Canada","Average","Future_Landings","Low",1340.09793467371,NA
"Gadus morhua","End Century","Canada","Average","Future_Revenue","Low",2637446.74523133,NA
"Gadus morhua","End Century","Canada","Average","Profit","Low",363386.713377427,NA
"Gadus morhua","End Century","USA","Average","Future_Cost","Low",269001.132740457,NA
"Gadus morhua","End Century","USA","Average","Future_Landings","Low",134.297123353419,NA
"Gadus morhua","End Century","USA","Average","Future_Revenue","Low",431771.96643741,NA
"Gadus morhua","End Century","USA","Average","Profit","Low",162770.833696953,NA
"Gadus morhua","Mid Century","Canada","Average","Future_Cost","Low",2259064.42476146,NA
"Gadus morhua","Mid Century","Canada","Average","Future_Landings","Low",1331.26106061925,NA
"Gadus morhua","Mid Century","Canada","Average","Future_Revenue","Low",2620054.89340476,NA
"Gadus morhua","Mid Century","Canada","Average","Profit","Low",360990.468643298,NA
"Gadus morhua","Mid Century","USA","Average","Future_Cost","Low",357611.304170117,NA
"Gadus morhua","Mid Century","USA","Average","Future_Landings","Low",178.535194032245,NA
"Gadus morhua","Mid Century","USA","Average","Future_Revenue","Low",573999.575573371,NA
"Gadus morhua","Mid Century","USA","Average","Profit","Low",216388.271403253,NA
"Gadus morhua","Begining",NA,"Average","Future_Cost","Low",NA,3003636.56736906
"Gadus morhua","Begining",NA,"Average","Future_Landings","Low",NA,1716.91996384051
"Gadus morhua","Begining",NA,"Average","Future_Revenue","Low",NA,3746252.49138351
"Gadus morhua","Begining",NA,"Average","Profit","Low",NA,742615.924014457
"Gadus morhua","End Century",NA,"Average","Future_Cost","Low",NA,2543061.16459436
"Gadus morhua","End Century",NA,"Average","Future_Landings","Low",NA,1474.39505802713
"Gadus morhua","End Century",NA,"Average","Future_Revenue","Low",NA,3069218.71166874
"Gadus morhua","End Century",NA,"Average","Profit","Low",NA,526157.54707438
"Gadus morhua","Mid Century",NA,"Average","Future_Cost","Low",NA,2616675.72893157
"Gadus morhua","Mid Century",NA,"Average","Future_Landings","Low",NA,1509.7962546515
"Gadus morhua","Mid Century",NA,"Average","Future_Revenue","Low",NA,3194054.46897813
"Gadus morhua","Mid Century",NA,"Average","Profit","Low",NA,577378.740046551
"Hippoglossus stenolepis","Begining","Canada","Average","Future_Cost","High",14569822.740213,NA
"Hippoglossus stenolepis","Begining","Canada","Average","Future_Landings","High",4353.7746439368,NA
"Hippoglossus stenolepis","Begining","Canada","Average","Future_Revenue","High",26368200.7535388,NA
"Hippoglossus stenolepis","Begining","Canada","Average","Profit","High",11798378.0133258,NA
"Hippoglossus stenolepis","Begining","USA","Average","Future_Cost","High",70728496.9280283,NA
"Hippoglossus stenolepis","Begining","USA","Average","Future_Landings","High",21135.1875736348,NA
"Hippoglossus stenolepis","Begining","USA","Average","Future_Revenue","High",127875282.136141,NA
"Hippoglossus stenolepis","Begining","USA","Average","Profit","High",57146785.208113,NA
"Hippoglossus stenolepis","End Century","Canada","Average","Future_Cost","High",14226499.8606812,NA
"Hippoglossus stenolepis","End Century","Canada","Average","Future_Landings","High",4251.18242478349,NA
"Hippoglossus stenolepis","End Century","Canada","Average","Future_Revenue","High",25746861.2374587,NA
"Hippoglossus stenolepis","End Century","Canada","Average","Profit","High",11520361.3767775,NA
"Hippoglossus stenolepis","End Century","USA","Average","Future_Cost","High",73846447.6558437,NA
"Hippoglossus stenolepis","End Century","USA","Average","Future_Landings","High",22066.8979356518,NA
"Hippoglossus stenolepis","End Century","USA","Average","Future_Revenue","High",133512455.924971,NA
"Hippoglossus stenolepis","End Century","USA","Average","Profit","High",59666008.269127,NA
"Hippoglossus stenolepis","Mid Century","Canada","Average","Future_Cost","High",14517789.187409,NA
"Hippoglossus stenolepis","Mid Century","Canada","Average","Future_Landings","High",4338.22590550179,NA
"Hippoglossus stenolepis","Mid Century","Canada","Average","Future_Revenue","High",26274031.374081,NA
"Hippoglossus stenolepis","Mid Century","Canada","Average","Profit","High",11756242.186672,NA
"Hippoglossus stenolepis","Mid Century","USA","Average","Future_Cost","High",70861839.7662928,NA
"Hippoglossus stenolepis","Mid Century","USA","Average","Future_Landings","High",21175.0332655514,NA
"Hippoglossus stenolepis","Mid Century","USA","Average","Future_Revenue","High",128116362.518229,NA
"Hippoglossus stenolepis","Mid Century","USA","Average","Profit","High",57254522.7519364,NA
"Hippoglossus stenolepis","Begining",NA,"Average","Future_Cost","High",NA,85298319.6682413
"Hippoglossus stenolepis","Begining",NA,"Average","Future_Landings","High",NA,25488.9622175716
"Hippoglossus stenolepis","Begining",NA,"Average","Future_Revenue","High",NA,154243482.88968
"Hippoglossus stenolepis","Begining",NA,"Average","Profit","High",NA,68945163.2214389
"Hippoglossus stenolepis","End Century",NA,"Average","Future_Cost","High",NA,88072947.5165249
"Hippoglossus stenolepis","End Century",NA,"Average","Future_Landings","High",NA,26318.0803604353
"Hippoglossus stenolepis","End Century",NA,"Average","Future_Revenue","High",NA,159259317.162429
"Hippoglossus stenolepis","End Century",NA,"Average","Profit","High",NA,71186369.6459046
"Hippoglossus stenolepis","Mid Century",NA,"Average","Future_Cost","High",NA,85379628.9537018
"Hippoglossus stenolepis","Mid Century",NA,"Average","Future_Landings","High",NA,25513.2591710532
"Hippoglossus stenolepis","Mid Century",NA,"Average","Future_Revenue","High",NA,154390393.89231
"Hippoglossus stenolepis","Mid Century",NA,"Average","Profit","High",NA,69010764.9386084
"Hippoglossus stenolepis","Begining","Canada","Average","Future_Cost","Low",14569822.740213,NA
"Hippoglossus stenolepis","Begining","Canada","Average","Future_Landings","Low",4353.7746439368,NA
"Hippoglossus stenolepis","Begining","Canada","Average","Future_Revenue","Low",26368200.7535388,NA
"Hippoglossus stenolepis","Begining","Canada","Average","Profit","Low",11798378.0133258,NA
"Hippoglossus stenolepis","Begining","USA","Average","Future_Cost","Low",70728496.9280283,NA
"Hippoglossus stenolepis","Begining","USA","Average","Future_Landings","Low",21135.1875736348,NA
"Hippoglossus stenolepis","Begining","USA","Average","Future_Revenue","Low",127875282.136141,NA
"Hippoglossus stenolepis","Begining","USA","Average","Profit","Low",57146785.208113,NA
"Hippoglossus stenolepis","End Century","Canada","Average","Future_Cost","Low",14500627.1766577,NA
"Hippoglossus stenolepis","End Century","Canada","Average","Future_Landings","Low",4333.09752964025,NA
"Hippoglossus stenolepis","End Century","Canada","Average","Future_Revenue","Low",26242971.8785132,NA
"Hippoglossus stenolepis","End Century","Canada","Average","Profit","Low",11742344.7018555,NA
"Hippoglossus stenolepis","End Century","USA","Average","Future_Cost","Low",66644654.8432605,NA
"Hippoglossus stenolepis","End Century","USA","Average","Future_Landings","Low",19914.8482163528,NA
"Hippoglossus stenolepis","End Century","USA","Average","Future_Revenue","Low",120491801.90581,NA
"Hippoglossus stenolepis","End Century","USA","Average","Profit","Low",53847147.0625498,NA
"Hippoglossus stenolepis","Mid Century","Canada","Average","Future_Cost","Low",14720865.6341293,NA
"Hippoglossus stenolepis","Mid Century","Canada","Average","Future_Landings","Low",4398.90949103858,NA
"Hippoglossus stenolepis","Mid Century","Canada","Average","Future_Revenue","Low",26641555.4415261,NA
"Hippoglossus stenolepis","Mid Century","Canada","Average","Profit","Low",11920689.8073968,NA
"Hippoglossus stenolepis","Mid Century","USA","Average","Future_Cost","Low",69311376.5531167,NA
"Hippoglossus stenolepis","Mid Century","USA","Average","Future_Landings","Low",20711.7216972335,NA
"Hippoglossus stenolepis","Mid Century","USA","Average","Future_Revenue","Low",125313165.370857,NA
"Hippoglossus stenolepis","Mid Century","USA","Average","Profit","Low",56001788.8177399,NA
"Hippoglossus stenolepis","Begining",NA,"Average","Future_Cost","Low",NA,85298319.6682413
"Hippoglossus stenolepis","Begining",NA,"Average","Future_Landings","Low",NA,25488.9622175716
"Hippoglossus stenolepis","Begining",NA,"Average","Future_Revenue","Low",NA,154243482.88968
"Hippoglossus stenolepis","Begining",NA,"Average","Profit","Low",NA,68945163.2214389
"Hippoglossus stenolepis","End Century",NA,"Average","Future_Cost","Low",NA,81145282.0199182
"Hippoglossus stenolepis","End Century",NA,"Average","Future_Landings","Low",NA,24247.9457459931
"Hippoglossus stenolepis","End Century",NA,"Average","Future_Revenue","Low",NA,146734773.784324
"Hippoglossus stenolepis","End Century",NA,"Average","Profit","Low",NA,65589491.7644053
"Hippoglossus stenolepis","Mid Century",NA,"Average","Future_Cost","Low",NA,84032242.187246
"Hippoglossus stenolepis","Mid Century",NA,"Average","Future_Landings","Low",NA,25110.6311882721
"Hippoglossus stenolepis","Mid Century",NA,"Average","Future_Revenue","Low",NA,151954720.812383
"Hippoglossus stenolepis","Mid Century",NA,"Average","Profit","Low",NA,67922478.6251367
"Limanda ferruginea","Begining","Canada","Average","Future_Cost","High",2223367.72803092,NA
"Limanda ferruginea","Begining","Canada","Average","Future_Landings","High",1310.22508580189,NA
"Limanda ferruginea","Begining","Canada","Average","Future_Revenue","High",4288170.17206671,NA
"Limanda ferruginea","Begining","Canada","Average","Profit","High",2064802.44403578,NA
"Limanda ferruginea","Begining","USA","Average","Future_Cost","High",405937.639674811,NA
"Limanda ferruginea","Begining","USA","Average","Future_Landings","High",202.661813033343,NA
"Limanda ferruginea","Begining","USA","Average","Future_Revenue","High",683659.360086678,NA
"Limanda ferruginea","Begining","USA","Average","Profit","High",277721.720411867,NA
"Limanda ferruginea","End Century","Canada","Average","Future_Cost","High",1509494.31967008,NA
"Limanda ferruginea","End Century","Canada","Average","Future_Landings","High",889.541257423382,NA
"Limanda ferruginea","End Century","Canada","Average","Future_Revenue","High",2911335.10435812,NA
"Limanda ferruginea","End Century","Canada","Average","Profit","High",1401840.78468803,NA
"Limanda ferruginea","End Century","USA","Average","Future_Cost","High",148310.33884804,NA
"Limanda ferruginea","End Century","USA","Average","Future_Landings","High",74.0430037150808,NA
"Limanda ferruginea","End Century","USA","Average","Future_Revenue","High",249776.668732454,NA
"Limanda ferruginea","End Century","USA","Average","Profit","High",101466.329884414,NA
"Limanda ferruginea","Mid Century","Canada","Average","Future_Cost","High",1934157.96524582,NA
"Limanda ferruginea","Mid Century","Canada","Average","Future_Landings","High",1139.79449014174,NA
"Limanda ferruginea","Mid Century","Canada","Average","Future_Revenue","High",3730376.39706039,NA
"Limanda ferruginea","Mid Century","Canada","Average","Profit","High",1796218.43181457,NA
"Limanda ferruginea","Mid Century","USA","Average","Future_Cost","High",282216.524018519,NA
"Limanda ferruginea","Mid Century","USA","Average","Future_Landings","High",140.894824316805,NA
"Limanda ferruginea","Mid Century","USA","Average","Future_Revenue","High",475294.600350309,NA
"Limanda ferruginea","Mid Century","USA","Average","Profit","High",193078.07633179,NA
"Limanda ferruginea","Begining",NA,"Average","Future_Cost","High",NA,2629305.36770574
"Limanda ferruginea","Begining",NA,"Average","Future_Landings","High",NA,1512.88689883523
"Limanda ferruginea","Begining",NA,"Average","Future_Revenue","High",NA,4971829.53215338
"Limanda ferruginea","Begining",NA,"Average","Profit","High",NA,2342524.16444765
"Limanda ferruginea","End Century",NA,"Average","Future_Cost","High",NA,1657804.65851812
"Limanda ferruginea","End Century",NA,"Average","Future_Landings","High",NA,963.584261138463
"Limanda ferruginea","End Century",NA,"Average","Future_Revenue","High",NA,3161111.77309057
"Limanda ferruginea","End Century",NA,"Average","Profit","High",NA,1503307.11457245
"Limanda ferruginea","Mid Century",NA,"Average","Future_Cost","High",NA,2216374.48926434
"Limanda ferruginea","Mid Century",NA,"Average","Future_Landings","High",NA,1280.68931445854
"Limanda ferruginea","Mid Century",NA,"Average","Future_Revenue","High",NA,4205670.9974107
"Limanda ferruginea","Mid Century",NA,"Average","Profit","High",NA,1989296.50814636
"Limanda ferruginea","Begining","Canada","Average","Future_Cost","Low",2223367.72803092,NA
"Limanda ferruginea","Begining","Canada","Average","Future_Landings","Low",1310.22508580189,NA
"Limanda ferruginea","Begining","Canada","Average","Future_Revenue","Low",4288170.17206671,NA
"Limanda ferruginea","Begining","Canada","Average","Profit","Low",2064802.44403578,NA
"Limanda ferruginea","Begining","USA","Average","Future_Cost","Low",405937.639674811,NA
"Limanda ferruginea","Begining","USA","Average","Future_Landings","Low",202.661813033343,NA
"Limanda ferruginea","Begining","USA","Average","Future_Revenue","Low",683659.360086678,NA
"Limanda ferruginea","Begining","USA","Average","Profit","Low",277721.720411867,NA
"Limanda ferruginea","End Century","Canada","Average","Future_Cost","Low",1908987.70527981,NA
"Limanda ferruginea","End Century","Canada","Average","Future_Landings","Low",1124.9617183929,NA
"Limanda ferruginea","End Century","Canada","Average","Future_Revenue","Low",3681830.96004221,NA
"Limanda ferruginea","End Century","Canada","Average","Profit","Low",1772843.2547624,NA
"Limanda ferruginea","End Century","USA","Average","Future_Cost","Low",288849.237143971,NA
"Limanda ferruginea","End Century","USA","Average","Future_Landings","Low",144.206164621219,NA
"Limanda ferruginea","End Century","USA","Average","Future_Revenue","Low",486465.075733221,NA
"Limanda ferruginea","End Century","USA","Average","Profit","Low",197615.838589251,NA
"Limanda ferruginea","Mid Century","Canada","Average","Future_Cost","Low",1909122.59556765,NA
"Limanda ferruginea","Mid Century","Canada","Average","Future_Landings","Low",1125.04120890485,NA
"Limanda ferruginea","Mid Century","Canada","Average","Future_Revenue","Low",3682091.12056425,NA
"Limanda ferruginea","Mid Century","Canada","Average","Profit","Low",1772968.5249966,NA
"Limanda ferruginea","Mid Century","USA","Average","Future_Cost","Low",303031.563003396,NA
"Limanda ferruginea","Mid Century","USA","Average","Future_Landings","Low",151.286601591793,NA
"Limanda ferruginea","Mid Century","USA","Average","Future_Revenue","Low",510350.221809753,NA
"Limanda ferruginea","Mid Century","USA","Average","Profit","Low",207318.658806357,NA
"Limanda ferruginea","Begining",NA,"Average","Future_Cost","Low",NA,2629305.36770574
"Limanda ferruginea","Begining",NA,"Average","Future_Landings","Low",NA,1512.88689883523
"Limanda ferruginea","Begining",NA,"Average","Future_Revenue","Low",NA,4971829.53215338
"Limanda ferruginea","Begining",NA,"Average","Profit","Low",NA,2342524.16444765
"Limanda ferruginea","End Century",NA,"Average","Future_Cost","Low",NA,2197836.94242378
"Limanda ferruginea","End Century",NA,"Average","Future_Landings","Low",NA,1269.16788301412
"Limanda ferruginea","End Century",NA,"Average","Future_Revenue","Low",NA,4168296.03577543
"Limanda ferruginea","End Century",NA,"Average","Profit","Low",NA,1970459.09335165
"Limanda ferruginea","Mid Century",NA,"Average","Future_Cost","Low",NA,2212154.15857105
"Limanda ferruginea","Mid Century",NA,"Average","Future_Landings","Low",NA,1276.32781049665
"Limanda ferruginea","Mid Century",NA,"Average","Future_Revenue","Low",NA,4192441.342374
"Limanda ferruginea","Mid Century",NA,"Average","Profit","Low",NA,1980287.18380296
"Melanogrammus aeglefinus","Begining","Canada","Average","Future_Cost","High",8598881.06331007,NA
"Melanogrammus aeglefinus","Begining","Canada","Average","Future_Landings","High",5067.29927619916,NA
"Melanogrammus aeglefinus","Begining","Canada","Average","Future_Revenue","High",7290070.10370392,NA
"Melanogrammus aeglefinus","Begining","Canada","Average","Profit","High",-1308810.95960616,NA
"Melanogrammus aeglefinus","Begining","USA","Average","Future_Cost","High",780376.770088087,NA
"Melanogrammus aeglefinus","Begining","USA","Average","Future_Landings","High",389.598193461066,NA
"Melanogrammus aeglefinus","Begining","USA","Average","Future_Revenue","High",1174404.79436904,NA
"Melanogrammus aeglefinus","Begining","USA","Average","Profit","High",394028.024280951,NA
"Melanogrammus aeglefinus","End Century","Canada","Average","Future_Cost","High",6805637.39527497,NA
"Melanogrammus aeglefinus","End Century","Canada","Average","Future_Landings","High",4010.54523178572,NA
"Melanogrammus aeglefinus","End Century","Canada","Average","Future_Revenue","High",5769770.89770853,NA
"Melanogrammus aeglefinus","End Century","Canada","Average","Profit","High",-1035866.49756644,NA
"Melanogrammus aeglefinus","End Century","USA","Average","Future_Cost","High",264087.071781175,NA
"Melanogrammus aeglefinus","End Century","USA","Average","Future_Landings","High",131.843809331684,NA
"Melanogrammus aeglefinus","End Century","USA","Average","Future_Revenue","High",397429.978849427,NA
"Melanogrammus aeglefinus","End Century","USA","Average","Profit","High",133342.907068252,NA
"Melanogrammus aeglefinus","Mid Century","Canada","Average","Future_Cost","High",7953133.10713155,NA
"Melanogrammus aeglefinus","Mid Century","Canada","Average","Future_Landings","High",4686.7616077678,NA
"Melanogrammus aeglefinus","Mid Century","Canada","Average","Future_Revenue","High",6742609.58701515,NA
"Melanogrammus aeglefinus","Mid Century","Canada","Average","Profit","High",-1210523.5201164,NA
"Melanogrammus aeglefinus","Mid Century","USA","Average","Future_Cost","High",560621.118790534,NA
"Melanogrammus aeglefinus","Mid Century","USA","Average","Future_Landings","High",279.886566936455,NA
"Melanogrammus aeglefinus","Mid Century","USA","Average","Future_Revenue","High",843690.06737325,NA
"Melanogrammus aeglefinus","Mid Century","USA","Average","Profit","High",283068.948582716,NA
"Melanogrammus aeglefinus","Begining",NA,"Average","Future_Cost","High",NA,9379257.83339816
"Melanogrammus aeglefinus","Begining",NA,"Average","Future_Landings","High",NA,5456.89746966022
"Melanogrammus aeglefinus","Begining",NA,"Average","Future_Revenue","High",NA,8464474.89807295
"Melanogrammus aeglefinus","Begining",NA,"Average","Profit","High",NA,-914782.935325206
"Melanogrammus aeglefinus","End Century",NA,"Average","Future_Cost","High",NA,7069724.46705615
"Melanogrammus aeglefinus","End Century",NA,"Average","Future_Landings","High",NA,4142.38904111741
"Melanogrammus aeglefinus","End Century",NA,"Average","Future_Revenue","High",NA,6167200.87655796
"Melanogrammus aeglefinus","End Century",NA,"Average","Profit","High",NA,-902523.590498187
"Melanogrammus aeglefinus","Mid Century",NA,"Average","Future_Cost","High",NA,8513754.22592208
"Melanogrammus aeglefinus","Mid Century",NA,"Average","Future_Landings","High",NA,4966.64817470426
"Melanogrammus aeglefinus","Mid Century",NA,"Average","Future_Revenue","High",NA,7586299.6543884
"Melanogrammus aeglefinus","Mid Century",NA,"Average","Profit","High",NA,-927454.571533682
"Melanogrammus aeglefinus","Begining","Canada","Average","Future_Cost","Low",8598881.06331007,NA
"Melanogrammus aeglefinus","Begining","Canada","Average","Future_Landings","Low",5067.29927619916,NA
"Melanogrammus aeglefinus","Begining","Canada","Average","Future_Revenue","Low",7290070.10370392,NA
"Melanogrammus aeglefinus","Begining","Canada","Average","Profit","Low",-1308810.95960616,NA
"Melanogrammus aeglefinus","Begining","USA","Average","Future_Cost","Low",780376.770088087,NA
"Melanogrammus aeglefinus","Begining","USA","Average","Future_Landings","Low",389.598193461066,NA
"Melanogrammus aeglefinus","Begining","USA","Average","Future_Revenue","Low",1174404.79436904,NA
"Melanogrammus aeglefinus","Begining","USA","Average","Profit","Low",394028.024280951,NA
"Melanogrammus aeglefinus","End Century","Canada","Average","Future_Cost","Low",7503235.43008273,NA
"Melanogrammus aeglefinus","End Century","Canada","Average","Future_Landings","Low",4421.63802290971,NA
"Melanogrammus aeglefinus","End Century","Canada","Average","Future_Revenue","Low",6361189.54165905,NA
"Melanogrammus aeglefinus","End Century","Canada","Average","Profit","Low",-1142045.88842368,NA
"Melanogrammus aeglefinus","End Century","USA","Average","Future_Cost","Low",542367.820793922,NA
"Melanogrammus aeglefinus","End Century","USA","Average","Future_Landings","Low",270.773722735078,NA
"Melanogrammus aeglefinus","End Century","USA","Average","Future_Revenue","Low",816220.309812619,NA
"Melanogrammus aeglefinus","End Century","USA","Average","Profit","Low",273852.489018697,NA
"Melanogrammus aeglefinus","Mid Century","Canada","Average","Future_Cost","Low",7805263.94425053,NA
"Melanogrammus aeglefinus","Mid Century","Canada","Average","Future_Landings","Low",4599.62267695548,NA
"Melanogrammus aeglefinus","Mid Century","Canada","Average","Future_Revenue","Low",6617247.164202,NA
"Melanogrammus aeglefinus","Mid Century","Canada","Average","Profit","Low",-1188016.78004853,NA
"Melanogrammus aeglefinus","Mid Century","USA","Average","Future_Cost","Low",632924.322075424,NA
"Melanogrammus aeglefinus","Mid Century","USA","Average","Future_Landings","Low",315.983486348935,NA
"Melanogrammus aeglefinus","Mid Century","USA","Average","Future_Revenue","Low",952500.62125023,NA
"Melanogrammus aeglefinus","Mid Century","USA","Average","Profit","Low",319576.299174806,NA
"Melanogrammus aeglefinus","Begining",NA,"Average","Future_Cost","Low",NA,9379257.83339816
"Melanogrammus aeglefinus","Begining",NA,"Average","Future_Landings","Low",NA,5456.89746966022
"Melanogrammus aeglefinus","Begining",NA,"Average","Future_Revenue","Low",NA,8464474.89807295
"Melanogrammus aeglefinus","Begining",NA,"Average","Profit","Low",NA,-914782.935325206
"Melanogrammus aeglefinus","End Century",NA,"Average","Future_Cost","Low",NA,8045603.25087665
"Melanogrammus aeglefinus","End Century",NA,"Average","Future_Landings","Low",NA,4692.41174564479
"Melanogrammus aeglefinus","End Century",NA,"Average","Future_Revenue","Low",NA,7177409.85147167
"Melanogrammus aeglefinus","End Century",NA,"Average","Profit","Low",NA,-868193.399404982
"Melanogrammus aeglefinus","Mid Century",NA,"Average","Future_Cost","Low",NA,8438188.26632595
"Melanogrammus aeglefinus","Mid Century",NA,"Average","Future_Landings","Low",NA,4915.60616330442
"Melanogrammus aeglefinus","Mid Century",NA,"Average","Future_Revenue","Low",NA,7569747.78545223
"Melanogrammus aeglefinus","Mid Century",NA,"Average","Profit","Low",NA,-868440.480873719
"Merluccius productus","Begining","Canada","Average","Future_Cost","High",NA,NA
"Merluccius productus","Begining","Canada","Average","Future_Landings","High",14085.3361142743,NA
"Merluccius productus","Begining","Canada","Average","Future_Revenue","High",3116380.61528318,NA
"Merluccius productus","Begining","Canada","Average","Profit","High",NA,NA
"Merluccius productus","Begining","USA","Average","Future_Cost","High",NA,NA
"Merluccius productus","Begining","USA","Average","Future_Landings","High",66540.4410689037,NA
"Merluccius productus","Begining","USA","Average","Future_Revenue","High",16631783.2451725,NA
"Merluccius productus","Begining","USA","Average","Profit","High",NA,NA
"Merluccius productus","End Century","Canada","Average","Future_Cost","High",NA,NA
"Merluccius productus","End Century","Canada","Average","Future_Landings","High",14527.8546187919,NA
"Merluccius productus","End Century","Canada","Average","Future_Revenue","High",3214287.83440772,NA
"Merluccius productus","End Century","Canada","Average","Profit","High",NA,NA
"Merluccius productus","End Century","USA","Average","Future_Cost","High",NA,NA
"Merluccius productus","End Century","USA","Average","Future_Landings","High",57840.3998572268,NA
"Merluccius productus","End Century","USA","Average","Future_Revenue","High",14457207.9443138,NA
"Merluccius productus","End Century","USA","Average","Profit","High",NA,NA
"Merluccius productus","Mid Century","Canada","Average","Future_Cost","High",NA,NA
"Merluccius productus","Mid Century","Canada","Average","Future_Landings","High",13928.3697575307,NA
"Merluccius productus","Mid Century","Canada","Average","Future_Revenue","High",3081651.80885368,NA
"Merluccius productus","Mid Century","Canada","Average","Profit","High",NA,NA
"Merluccius productus","Mid Century","USA","Average","Future_Cost","High",NA,NA
"Merluccius productus","Mid Century","USA","Average","Future_Landings","High",63548.1562042816,NA
"Merluccius productus","Mid Century","USA","Average","Future_Revenue","High",15883861.6432602,NA
"Merluccius productus","Mid Century","USA","Average","Profit","High",NA,NA
"Merluccius productus","Begining",NA,"Average","Future_Cost","High",NA,0
"Merluccius productus","Begining",NA,"Average","Future_Landings","High",NA,80625.777183178
"Merluccius productus","Begining",NA,"Average","Future_Revenue","High",NA,19748163.8604557
"Merluccius productus","Begining",NA,"Average","Profit","High",NA,0
"Merluccius productus","End Century",NA,"Average","Future_Cost","High",NA,0
"Merluccius productus","End Century",NA,"Average","Future_Landings","High",NA,72368.2544760187
"Merluccius productus","End Century",NA,"Average","Future_Revenue","High",NA,17671495.7787216
"Merluccius productus","End Century",NA,"Average","Profit","High",NA,0
"Merluccius productus","Mid Century",NA,"Average","Future_Cost","High",NA,0
"Merluccius productus","Mid Century",NA,"Average","Future_Landings","High",NA,77476.5259618123
"Merluccius productus","Mid Century",NA,"Average","Future_Revenue","High",NA,18965513.4521139
"Merluccius productus","Mid Century",NA,"Average","Profit","High",NA,0
"Merluccius productus","Begining","Canada","Average","Future_Cost","Low",NA,NA
"Merluccius productus","Begining","Canada","Average","Future_Landings","Low",14085.3361142743,NA
"Merluccius productus","Begining","Canada","Average","Future_Revenue","Low",3116380.61528318,NA
"Merluccius productus","Begining","Canada","Average","Profit","Low",NA,NA
"Merluccius productus","Begining","USA","Average","Future_Cost","Low",NA,NA
"Merluccius productus","Begining","USA","Average","Future_Landings","Low",66540.4410689037,NA
"Merluccius productus","Begining","USA","Average","Future_Revenue","Low",16631783.2451725,NA
"Merluccius productus","Begining","USA","Average","Profit","Low",NA,NA
"Merluccius productus","End Century","Canada","Average","Future_Cost","Low",NA,NA
"Merluccius productus","End Century","Canada","Average","Future_Landings","Low",14474.5481071776,NA
"Merluccius productus","End Century","Canada","Average","Future_Revenue","Low",3202493.76871305,NA
"Merluccius productus","End Century","Canada","Average","Profit","Low",NA,NA
"Merluccius productus","End Century","USA","Average","Future_Cost","Low",NA,NA
"Merluccius productus","End Century","USA","Average","Future_Landings","Low",54825.1233083399,NA
"Merluccius productus","End Century","USA","Average","Future_Revenue","Low",13703539.5709196,NA
"Merluccius productus","End Century","USA","Average","Profit","Low",NA,NA
"Merluccius productus","Mid Century","Canada","Average","Future_Cost","Low",NA,NA
"Merluccius productus","Mid Century","Canada","Average","Future_Landings","Low",15284.5410071065,NA
"Merluccius productus","Mid Century","Canada","Average","Future_Revenue","Low",3381704.6978223,NA
"Merluccius productus","Mid Century","Canada","Average","Profit","Low",NA,NA
"Merluccius productus","Mid Century","USA","Average","Future_Cost","Low",NA,NA
"Merluccius productus","Mid Century","USA","Average","Future_Landings","Low",60999.6603870793,NA
"Merluccius productus","Mid Century","USA","Average","Future_Revenue","Low",15246865.1137505,NA
"Merluccius productus","Mid Century","USA","Average","Profit","Low",NA,NA
"Merluccius productus","Begining",NA,"Average","Future_Cost","Low",NA,0
"Merluccius productus","Begining",NA,"Average","Future_Landings","Low",NA,80625.777183178
"Merluccius productus","Begining",NA,"Average","Future_Revenue","Low",NA,19748163.8604557
"Merluccius productus","Begining",NA,"Average","Profit","Low",NA,0
"Merluccius productus","End Century",NA,"Average","Future_Cost","Low",NA,0
"Merluccius productus","End Century",NA,"Average","Future_Landings","Low",NA,69299.6714155175
"Merluccius productus","End Century",NA,"Average","Future_Revenue","Low",NA,16906033.3396326
"Merluccius productus","End Century",NA,"Average","Profit","Low",NA,0
"Merluccius productus","Mid Century",NA,"Average","Future_Cost","Low",NA,0
"Merluccius productus","Mid Century",NA,"Average","Future_Landings","Low",NA,76284.2013941857
"Merluccius productus","Mid Century",NA,"Average","Future_Revenue","Low",NA,18628569.8115728
"Merluccius productus","Mid Century",NA,"Average","Profit","Low",NA,0
